"Includes Amazon Marketplace, Fulfillment by Amazon (FBA), and Amazon Webstore transactions"
"All amounts in USD, unless specified"
"Definitions:"
"Sales tax collected: Includes sales tax collected from buyers for product sales, shipping, and gift wrap."
"Selling fees: Includes variable closing fees and referral fees."
"Other transaction fees: Includes shipping chargebacks, shipping holdback, per-item fees and sales tax collection fees."
"Other: Includes non-order transaction amounts. For more details, see the ""Type"" and ""Description"" columns for each order ID."
date/time,settlement id,type,order id,sku,description,quantity,marketplace,account type,fulfillment,order city,order state,order postal,tax collection model,product sales,product sales tax,shipping credits,shipping credits tax,gift wrap credits,giftwrap credits tax,Regulatory Fee,Tax On Regulatory Fee,promotional rebates,promotional rebates tax,marketplace withheld tax,selling fees,fba fees,other transaction fees,other,total
"Jul 13, 2026 10:00:00 AM PDT",,Refund,111-4000080-4517037,TH-CASIRO-01,Cast Iron Skillet 10in,1,amazon.com,Standard Orders,Amazon,,,,MarketplaceFacilitator,-36.04,0,0,0,0,0,0,0,0,0,0,4.32,0,0,0,-31.72
"Jul 2, 2026 3:00:00 PM PDT",,Refund,111-4000172-1485759,TH-CASIRO-01,Cast Iron Skillet 10in,1,amazon.com,Standard Orders,Amazon,,,,MarketplaceFacilitator,-36.04,0,0,0,0,0,0,0,0,0,0,4.32,0,0,0,-31.72
"May 22, 2026 10:00:00 PM PDT",,Refund,111-4000215-7071290,TH-CASIRO-01,Cast Iron Skillet 10in,1,amazon.com,Standard Orders,Amazon,,,,MarketplaceFacilitator,-36.04,0,0,0,0,0,0,0,0,0,0,4.32,0,0,0,-31.72
"May 28, 2026 5:00:00 AM PDT",,Refund,111-4000290-1596218,TH-CASIRO-01,Cast Iron Skillet 10in,1,amazon.com,Standard Orders,Amazon,,,,MarketplaceFacilitator,-36.04,0,0,0,0,0,0,0,0,0,0,4.32,0,0,0,-31.72
"Jun 29, 2026 2:00:00 PM PDT",,Refund,111-4000339-4867996,TH-CASIRO-01,Cast Iron Skillet 10in,1,amazon.com,Standard Orders,Amazon,,,,MarketplaceFacilitator,-36.04,0,0,0,0,0,0,0,0,0,0,4.32,0,0,0,-31.72
"May 25, 2026 7:00:00 AM PDT",,Refund,111-4000397-3921245,TH-CASIRO-01,Cast Iron Skillet 10in,1,amazon.com,Standard Orders,Amazon,,,,MarketplaceFacilitator,-36.04,0,0,0,0,0,0,0,0,0,0,4.32,0,0,0,-31.72
"May 27, 2026 7:00:00 AM PDT",,Refund,111-4000484-5296207,TH-CASIRO-01,Cast Iron Skillet 10in,1,amazon.com,Standard Orders,Amazon,,,,MarketplaceFacilitator,-36.04,0,0,0,0,0,0,0,0,0,0,4.32,0,0,0,-31.72
"Jun 24, 2026 1:00:00 PM PDT",,Refund,111-4000554-9214500,TH-CASIRO-01,Cast Iron Skillet 10in,1,amazon.com,Standard Orders,Amazon,,,,MarketplaceFacilitator,-36.04,0,0,0,0,0,0,0,0,0,0,4.32,0,0,0,-31.72
"May 17, 2026 5:00:00 PM PDT",,Order,111-4000631-5043864,TH-CASIRO-01,Cast Iron Skillet 10in,1,amazon.com,Standard Orders,Amazon,SEATTLE,WA,98101,MarketplaceFacilitator,36.04,0,0,0,0,0,0,0,0,0,0,-5.41,-7.10,0,0,23.53
"Jul 22, 2026 12:00:00 PM PDT",,Order,111-4000702-5666141,TH-CASIRO-01,Cast Iron Skillet 10in,1,amazon.com,Standard Orders,Amazon,SEATTLE,WA,98101,MarketplaceFacilitator,36.04,0,0,0,0,0,0,0,0,0,0,-5.41,-7.10,0,0,23.53
"Aug 7, 2026 1:00:00 AM PDT",,Order,111-4000718-4835991,TH-CASIRO-01,Cast Iron Skillet 10in,1,amazon.com,Standard Orders,Amazon,SEATTLE,WA,98101,MarketplaceFacilitator,36.04,0,0,0,0,0,0,0,0,0,0,-5.41,-7.10,0,0,23.53
"Jul 22, 2026 7:00:00 PM PDT",,Refund,111-4000777-9624660,TH-CASIRO-02,Cast Iron Skillet 12in,1,amazon.com,Standard Orders,Amazon,,,,MarketplaceFacilitator,-46.34,0,0,0,0,0,0,0,0,0,0,5.56,0,0,0,-40.78
"Jul 31, 2026 8:00:00 PM PDT",,Refund,111-4000797-3657211,TH-CASIRO-02,Cast Iron Skillet 12in,1,amazon.com,Standard Orders,Amazon,,,,MarketplaceFacilitator,-46.34,0,0,0,0,0,0,0,0,0,0,5.56,0,0,0,-40.78
"Jun 1, 2026 12:00:00 PM PDT",,Refund,111-4000847-9493234,TH-CASIRO-02,Cast Iron Skillet 12in,1,amazon.com,Standard Orders,Amazon,,,,MarketplaceFacilitator,-46.34,0,0,0,0,0,0,0,0,0,0,5.56,0,0,0,-40.78
"Aug 10, 2026 4:00:00 PM PDT",,Refund,111-4000869-8265324,TH-CASIRO-02,Cast Iron Skillet 12in,1,amazon.com,Standard Orders,Amazon,,,,MarketplaceFacilitator,-46.34,0,0,0,0,0,0,0,0,0,0,5.56,0,0,0,-40.78
"Jul 12, 2026 10:00:00 AM PDT",,Refund,111-4000891-9985475,TH-CASIRO-02,Cast Iron Skillet 12in,1,amazon.com,Standard Orders,Amazon,,,,MarketplaceFacilitator,-46.34,0,0,0,0,0,0,0,0,0,0,5.56,0,0,0,-40.78
"Jul 23, 2026 7:00:00 PM PDT",,Refund,111-4000903-6020280,TH-CASIRO-02,Cast Iron Skillet 12in,1,amazon.com,Standard Orders,Amazon,,,,MarketplaceFacilitator,-46.34,0,0,0,0,0,0,0,0,0,0,5.56,0,0,0,-40.78
"Jun 29, 2026 1:00:00 PM PDT",,Refund,111-4000980-5092017,TH-CASIRO-02,Cast Iron Skillet 12in,1,amazon.com,Standard Orders,Amazon,,,,MarketplaceFacilitator,-46.34,0,0,0,0,0,0,0,0,0,0,5.56,0,0,0,-40.78
"May 24, 2026 7:00:00 AM PDT",,Refund,111-4001074-3177903,TH-CASIRO-02,Cast Iron Skillet 12in,1,amazon.com,Standard Orders,Amazon,,,,MarketplaceFacilitator,-46.34,0,0,0,0,0,0,0,0,0,0,5.56,0,0,0,-40.78
"May 8, 2026 8:00:00 PM PDT",,Refund,111-4001167-4531939,TH-CASIRO-02,Cast Iron Skillet 12in,1,amazon.com,Standard Orders,Amazon,,,,MarketplaceFacilitator,-46.34,0,0,0,0,0,0,0,0,0,0,5.56,0,0,0,-40.78
"Jun 17, 2026 4:00:00 AM PDT",,Order,111-4001254-3862171,TH-CASIRO-02,Cast Iron Skillet 12in,1,amazon.com,Standard Orders,Amazon,SEATTLE,WA,98101,MarketplaceFacilitator,46.34,0,0,0,0,0,0,0,0,0,0,-6.95,-7.10,0,0,32.29
"Jul 9, 2026 1:00:00 PM PDT",,Order,111-4001332-7585598,TH-CASIRO-02,Cast Iron Skillet 12in,1,amazon.com,Standard Orders,Amazon,SEATTLE,WA,98101,MarketplaceFacilitator,46.34,0,0,0,0,0,0,0,0,0,0,-6.95,-7.10,0,0,32.29
"May 10, 2026 3:00:00 PM PDT",,Order,111-4001411-6152091,TH-CASIRO-02,Cast Iron Skillet 12in,1,amazon.com,Standard Orders,Amazon,SEATTLE,WA,98101,MarketplaceFacilitator,46.34,0,0,0,0,0,0,0,0,0,0,-6.95,-7.10,0,0,32.29
"Jun 4, 2026 1:00:00 PM PDT",,Refund,111-4001448-1999806,TH-ENADUT-03,Enamel Dutch Oven 5qt,1,amazon.com,Standard Orders,Amazon,,,,MarketplaceFacilitator,-77.59,0,0,0,0,0,0,0,0,0,0,9.31,0,0,0,-68.28
"Jun 3, 2026 9:00:00 PM PDT",,Refund,111-4001529-1011856,TH-ENADUT-03,Enamel Dutch Oven 5qt,1,amazon.com,Standard Orders,Amazon,,,,MarketplaceFacilitator,-77.59,0,0,0,0,0,0,0,0,0,0,9.31,0,0,0,-68.28
"Aug 22, 2026 8:00:00 PM PDT",,Refund,111-4001566-5331622,TH-ENADUT-03,Enamel Dutch Oven 5qt,1,amazon.com,Standard Orders,Amazon,,,,MarketplaceFacilitator,-77.59,0,0,0,0,0,0,0,0,0,0,9.31,0,0,0,-68.28
"Aug 22, 2026 6:00:00 AM PDT",,Refund,111-4001621-3168318,TH-ENADUT-03,Enamel Dutch Oven 5qt,1,amazon.com,Standard Orders,Amazon,,,,MarketplaceFacilitator,-77.59,0,0,0,0,0,0,0,0,0,0,9.31,0,0,0,-68.28
"Jul 16, 2026 4:00:00 PM PDT",,Order,111-4001681-4435330,TH-ENADUT-03,Enamel Dutch Oven 5qt,1,amazon.com,Standard Orders,Amazon,SEATTLE,WA,98101,MarketplaceFacilitator,77.59,0,0,0,0,0,0,0,0,0,0,-11.64,-7.10,0,0,58.85
"Jun 25, 2026 10:00:00 AM PDT",,Order,111-4001716-6385431,TH-ENADUT-03,Enamel Dutch Oven 5qt,1,amazon.com,Standard Orders,Amazon,SEATTLE,WA,98101,MarketplaceFacilitator,77.59,0,0,0,0,0,0,0,0,0,0,-11.64,-7.10,0,0,58.85
"Jul 19, 2026 9:00:00 PM PDT",,Order,111-4001766-7808220,TH-ENADUT-03,Enamel Dutch Oven 5qt,1,amazon.com,Standard Orders,Amazon,SEATTLE,WA,98101,MarketplaceFacilitator,77.59,0,0,0,0,0,0,0,0,0,0,-11.64,-7.10,0,0,58.85
"Aug 6, 2026 1:00:00 PM PDT",,Refund,111-4001819-3676665,TH-CARSTE-04,Carbon Steel Wok,1,amazon.com,Standard Orders,Amazon,,,,MarketplaceFacilitator,-51.49,0,0,0,0,0,0,0,0,0,0,6.18,0,0,0,-45.31
"Aug 22, 2026 5:00:00 AM PDT",,Refund,111-4001862-1379626,TH-CARSTE-04,Carbon Steel Wok,1,amazon.com,Standard Orders,Amazon,,,,MarketplaceFacilitator,-51.49,0,0,0,0,0,0,0,0,0,0,6.18,0,0,0,-45.31
"Aug 18, 2026 6:00:00 PM PDT",,Refund,111-4001893-6364951,TH-CARSTE-04,Carbon Steel Wok,1,amazon.com,Standard Orders,Amazon,,,,MarketplaceFacilitator,-51.49,0,0,0,0,0,0,0,0,0,0,6.18,0,0,0,-45.31
"Jun 12, 2026 2:00:00 PM PDT",,Refund,111-4001923-2381660,TH-CARSTE-04,Carbon Steel Wok,1,amazon.com,Standard Orders,Amazon,,,,MarketplaceFacilitator,-51.49,0,0,0,0,0,0,0,0,0,0,6.18,0,0,0,-45.31
"Jun 15, 2026 5:00:00 AM PDT",,Refund,111-4001943-4629004,TH-CARSTE-04,Carbon Steel Wok,1,amazon.com,Standard Orders,Amazon,,,,MarketplaceFacilitator,-51.49,0,0,0,0,0,0,0,0,0,0,6.18,0,0,0,-45.31
"Aug 21, 2026 2:00:00 AM PDT",,Order,111-4001999-8727272,TH-CARSTE-04,Carbon Steel Wok,1,amazon.com,Standard Orders,Amazon,SEATTLE,WA,98101,MarketplaceFacilitator,51.49,0,0,0,0,0,0,0,0,0,0,-7.72,-7.10,0,0,36.67
"Jun 28, 2026 1:00:00 AM PDT",,Order,111-4002082-7151720,TH-CARSTE-04,Carbon Steel Wok,1,amazon.com,Standard Orders,Amazon,SEATTLE,WA,98101,MarketplaceFacilitator,51.49,0,0,0,0,0,0,0,0,0,0,-7.72,-7.10,0,0,36.67
"Jul 26, 2026 6:00:00 AM PDT",,Order,111-4002170-5284984,TH-CARSTE-04,Carbon Steel Wok,1,amazon.com,Standard Orders,Amazon,SEATTLE,WA,98101,MarketplaceFacilitator,51.49,0,0,0,0,0,0,0,0,0,0,-7.72,-7.10,0,0,36.67
"Aug 9, 2026 6:00:00 PM PDT",,Refund,111-4002236-4632010,TH-BAMCUT-05,Bamboo Cutting Board L,1,amazon.com,Standard Orders,Amazon,,,,MarketplaceFacilitator,-27.15,0,0,0,0,0,0,0,0,0,0,3.26,0,0,0,-23.89
"May 27, 2026 6:00:00 AM PDT",,Refund,111-4002302-6048186,TH-BAMCUT-05,Bamboo Cutting Board L,1,amazon.com,Standard Orders,Amazon,,,,MarketplaceFacilitator,-27.15,0,0,0,0,0,0,0,0,0,0,3.26,0,0,0,-23.89
"Aug 20, 2026 5:00:00 AM PDT",,Refund,111-4002347-6390017,TH-BAMCUT-05,Bamboo Cutting Board L,1,amazon.com,Standard Orders,Amazon,,,,MarketplaceFacilitator,-27.15,0,0,0,0,0,0,0,0,0,0,3.26,0,0,0,-23.89
"Jul 7, 2026 11:00:00 AM PDT",,Refund,111-4002401-6618607,TH-BAMCUT-05,Bamboo Cutting Board L,1,amazon.com,Standard Orders,Amazon,,,,MarketplaceFacilitator,-27.15,0,0,0,0,0,0,0,0,0,0,3.26,0,0,0,-23.89
"Jun 1, 2026 6:00:00 PM PDT",,Refund,111-4002457-7315217,TH-BAMCUT-05,Bamboo Cutting Board L,1,amazon.com,Standard Orders,Amazon,,,,MarketplaceFacilitator,-27.15,0,0,0,0,0,0,0,0,0,0,3.26,0,0,0,-23.89
"May 16, 2026 3:00:00 AM PDT",,Order,111-4002523-4302967,TH-BAMCUT-05,Bamboo Cutting Board L,1,amazon.com,Standard Orders,Amazon,SEATTLE,WA,98101,MarketplaceFacilitator,27.15,0,0,0,0,0,0,0,0,0,0,-4.07,-4.35,0,0,18.73
"May 16, 2026 12:00:00 PM PDT",,Order,111-4002585-7792457,TH-BAMCUT-05,Bamboo Cutting Board L,1,amazon.com,Standard Orders,Amazon,SEATTLE,WA,98101,MarketplaceFacilitator,27.15,0,0,0,0,0,0,0,0,0,0,-4.07,-4.35,0,0,18.73
"Aug 3, 2026 12:00:00 PM PDT",,Order,111-4002662-7997942,TH-BAMCUT-05,Bamboo Cutting Board L,1,amazon.com,Standard Orders,Amazon,SEATTLE,WA,98101,MarketplaceFacilitator,27.15,0,0,0,0,0,0,0,0,0,0,-4.07,-4.35,0,0,18.73
"May 29, 2026 6:00:00 AM PDT",,Refund,111-4002686-8128321,TH-BAMCUT-06,Bamboo Cutting Board M,1,amazon.com,Standard Orders,Amazon,,,,MarketplaceFacilitator,-19.39,0,0,0,0,0,0,0,0,0,0,2.33,0,0,0,-17.06
"Aug 1, 2026 1:00:00 PM PDT",,Refund,111-4002717-3824843,TH-BAMCUT-06,Bamboo Cutting Board M,1,amazon.com,Standard Orders,Amazon,,,,MarketplaceFacilitator,-19.39,0,0,0,0,0,0,0,0,0,0,2.33,0,0,0,-17.06
"Jun 24, 2026 9:00:00 AM PDT",,Refund,111-4002767-7547464,TH-BAMCUT-06,Bamboo Cutting Board M,1,amazon.com,Standard Orders,Amazon,,,,MarketplaceFacilitator,-19.39,0,0,0,0,0,0,0,0,0,0,2.33,0,0,0,-17.06
"Aug 10, 2026 10:00:00 PM PDT",,Refund,111-4002860-3007410,TH-BAMCUT-06,Bamboo Cutting Board M,1,amazon.com,Standard Orders,Amazon,,,,MarketplaceFacilitator,-19.39,0,0,0,0,0,0,0,0,0,0,2.33,0,0,0,-17.06
"May 30, 2026 11:00:00 AM PDT",,Refund,111-4002924-3916536,TH-BAMCUT-06,Bamboo Cutting Board M,1,amazon.com,Standard Orders,Amazon,,,,MarketplaceFacilitator,-19.39,0,0,0,0,0,0,0,0,0,0,2.33,0,0,0,-17.06
"May 26, 2026 9:00:00 PM PDT",,Refund,111-4002936-4262588,TH-BAMCUT-06,Bamboo Cutting Board M,1,amazon.com,Standard Orders,Amazon,,,,MarketplaceFacilitator,-19.39,0,0,0,0,0,0,0,0,0,0,2.33,0,0,0,-17.06
"Jun 17, 2026 12:00:00 PM PDT",,Refund,111-4002974-3278725,TH-BAMCUT-06,Bamboo Cutting Board M,1,amazon.com,Standard Orders,Amazon,,,,MarketplaceFacilitator,-19.39,0,0,0,0,0,0,0,0,0,0,2.33,0,0,0,-17.06
"May 22, 2026 5:00:00 AM PDT",,Order,111-4003067-1333385,TH-BAMCUT-06,Bamboo Cutting Board M,1,amazon.com,Standard Orders,Amazon,SEATTLE,WA,98101,MarketplaceFacilitator,19.39,0,0,0,0,0,0,0,0,0,0,-2.91,-4.35,0,0,12.13
"Jul 12, 2026 1:00:00 PM PDT",,Order,111-4003161-7881177,TH-BAMCUT-06,Bamboo Cutting Board M,1,amazon.com,Standard Orders,Amazon,SEATTLE,WA,98101,MarketplaceFacilitator,19.39,0,0,0,0,0,0,0,0,0,0,-2.91,-4.35,0,0,12.13
"Aug 30, 2026 4:00:00 PM PDT",,Order,111-4003200-8739027,TH-BAMCUT-06,Bamboo Cutting Board M,1,amazon.com,Standard Orders,Amazon,SEATTLE,WA,98101,MarketplaceFacilitator,19.39,0,0,0,0,0,0,0,0,0,0,-2.91,-4.35,0,0,12.13
"Aug 5, 2026 8:00:00 AM PDT",,Refund,111-4003271-1393134,TH-WALSER-07,Walnut Serving Tray,1,amazon.com,Standard Orders,Amazon,,,,MarketplaceFacilitator,-37.82,0,0,0,0,0,0,0,0,0,0,4.54,0,0,0,-33.28
"Jul 13, 2026 10:00:00 AM PDT",,Refund,111-4003317-9770649,TH-WALSER-07,Walnut Serving Tray,1,amazon.com,Standard Orders,Amazon,,,,MarketplaceFacilitator,-37.82,0,0,0,0,0,0,0,0,0,0,4.54,0,0,0,-33.28
"Aug 16, 2026 5:00:00 PM PDT",,Refund,111-4003387-9289483,TH-WALSER-07,Walnut Serving Tray,1,amazon.com,Standard Orders,Amazon,,,,MarketplaceFacilitator,-37.82,0,0,0,0,0,0,0,0,0,0,4.54,0,0,0,-33.28
"Jul 3, 2026 12:00:00 PM PDT",,Refund,111-4003456-9226073,TH-WALSER-07,Walnut Serving Tray,1,amazon.com,Standard Orders,Amazon,,,,MarketplaceFacilitator,-37.82,0,0,0,0,0,0,0,0,0,0,4.54,0,0,0,-33.28
"May 11, 2026 5:00:00 PM PDT",,Order,111-4003515-8941824,TH-WALSER-07,Walnut Serving Tray,1,amazon.com,Standard Orders,Amazon,SEATTLE,WA,98101,MarketplaceFacilitator,37.82,0,0,0,0,0,0,0,0,0,0,-5.67,-4.35,0,0,27.80
"Aug 19, 2026 9:00:00 PM PDT",,Order,111-4003543-4631551,TH-WALSER-07,Walnut Serving Tray,1,amazon.com,Standard Orders,Amazon,SEATTLE,WA,98101,MarketplaceFacilitator,37.82,0,0,0,0,0,0,0,0,0,0,-5.67,-4.35,0,0,27.80
"May 15, 2026 4:00:00 PM PDT",,Order,111-4003627-7192609,TH-WALSER-07,Walnut Serving Tray,1,amazon.com,Standard Orders,Amazon,SEATTLE,WA,98101,MarketplaceFacilitator,37.82,0,0,0,0,0,0,0,0,0,0,-5.67,-4.35,0,0,27.80
"Jul 8, 2026 3:00:00 PM PDT",,Refund,111-4003666-6634679,TH-CHEKNI-08,Chef Knife 8in,1,amazon.com,Standard Orders,Amazon,,,,MarketplaceFacilitator,-58.19,0,0,0,0,0,0,0,0,0,0,6.98,0,0,0,-51.21
"Jun 8, 2026 11:00:00 PM PDT",,Refund,111-4003695-9889298,TH-CHEKNI-08,Chef Knife 8in,1,amazon.com,Standard Orders,Amazon,,,,MarketplaceFacilitator,-58.19,0,0,0,0,0,0,0,0,0,0,6.98,0,0,0,-51.21
"Jun 19, 2026 10:00:00 PM PDT",,Refund,111-4003726-8282721,TH-CHEKNI-08,Chef Knife 8in,1,amazon.com,Standard Orders,Amazon,,,,MarketplaceFacilitator,-58.19,0,0,0,0,0,0,0,0,0,0,6.98,0,0,0,-51.21
"Jun 19, 2026 8:00:00 AM PDT",,Order,111-4003798-9932537,TH-CHEKNI-08,Chef Knife 8in,1,amazon.com,Standard Orders,Amazon,SEATTLE,WA,98101,MarketplaceFacilitator,58.19,0,0,0,0,0,0,0,0,0,0,-8.73,-4.35,0,0,45.11
"Jun 19, 2026 2:00:00 PM PDT",,Order,111-4003854-2678455,TH-CHEKNI-08,Chef Knife 8in,1,amazon.com,Standard Orders,Amazon,SEATTLE,WA,98101,MarketplaceFacilitator,58.19,0,0,0,0,0,0,0,0,0,0,-8.73,-4.35,0,0,45.11
"Jun 24, 2026 8:00:00 PM PDT",,Order,111-4003924-7770310,TH-CHEKNI-08,Chef Knife 8in,1,amazon.com,Standard Orders,Amazon,SEATTLE,WA,98101,MarketplaceFacilitator,58.19,0,0,0,0,0,0,0,0,0,0,-8.73,-4.35,0,0,45.11
"Jul 13, 2026 5:00:00 AM PDT",,Refund,111-4004013-4495538,TH-PARKNI-09,Paring Knife 3.5in,1,amazon.com,Standard Orders,Amazon,,,,MarketplaceFacilitator,-18.42,0,0,0,0,0,0,0,0,0,0,2.21,0,0,0,-16.21
"Aug 22, 2026 6:00:00 AM PDT",,Refund,111-4004031-7757969,TH-PARKNI-09,Paring Knife 3.5in,1,amazon.com,Standard Orders,Amazon,,,,MarketplaceFacilitator,-18.42,0,0,0,0,0,0,0,0,0,0,2.21,0,0,0,-16.21
"Jun 27, 2026 8:00:00 PM PDT",,Refund,111-4004086-9676371,TH-PARKNI-09,Paring Knife 3.5in,1,amazon.com,Standard Orders,Amazon,,,,MarketplaceFacilitator,-18.42,0,0,0,0,0,0,0,0,0,0,2.21,0,0,0,-16.21
"May 27, 2026 9:00:00 AM PDT",,Refund,111-4004114-9710250,TH-PARKNI-09,Paring Knife 3.5in,1,amazon.com,Standard Orders,Amazon,,,,MarketplaceFacilitator,-18.42,0,0,0,0,0,0,0,0,0,0,2.21,0,0,0,-16.21
"Aug 22, 2026 5:00:00 PM PDT",,Refund,111-4004207-9396863,TH-PARKNI-09,Paring Knife 3.5in,1,amazon.com,Standard Orders,Amazon,,,,MarketplaceFacilitator,-18.42,0,0,0,0,0,0,0,0,0,0,2.21,0,0,0,-16.21
"May 12, 2026 2:00:00 PM PDT",,Refund,111-4004228-2926992,TH-PARKNI-09,Paring Knife 3.5in,1,amazon.com,Standard Orders,Amazon,,,,MarketplaceFacilitator,-18.42,0,0,0,0,0,0,0,0,0,0,2.21,0,0,0,-16.21
"Jul 5, 2026 12:00:00 PM PDT",,Refund,111-4004276-8446106,TH-PARKNI-09,Paring Knife 3.5in,1,amazon.com,Standard Orders,Amazon,,,,MarketplaceFacilitator,-18.42,0,0,0,0,0,0,0,0,0,0,2.21,0,0,0,-16.21
"Jul 29, 2026 4:00:00 AM PDT",,Order,111-4004339-2250714,TH-PARKNI-09,Paring Knife 3.5in,1,amazon.com,Standard Orders,Amazon,SEATTLE,WA,98101,MarketplaceFacilitator,18.42,0,0,0,0,0,0,0,0,0,0,-2.76,-4.35,0,0,11.31
"May 16, 2026 2:00:00 AM PDT",,Order,111-4004392-9538383,TH-PARKNI-09,Paring Knife 3.5in,1,amazon.com,Standard Orders,Amazon,SEATTLE,WA,98101,MarketplaceFacilitator,18.42,0,0,0,0,0,0,0,0,0,0,-2.76,-4.35,0,0,11.31
"Jun 27, 2026 5:00:00 PM PDT",,Order,111-4004439-7793639,TH-PARKNI-09,Paring Knife 3.5in,1,amazon.com,Standard Orders,Amazon,SEATTLE,WA,98101,MarketplaceFacilitator,18.42,0,0,0,0,0,0,0,0,0,0,-2.76,-4.35,0,0,11.31
"May 31, 2026 8:00:00 AM PDT",,Refund,111-4004513-3017038,TH-BREKNI-10,Bread Knife 10in,1,amazon.com,Standard Orders,Amazon,,,,MarketplaceFacilitator,-29.09,0,0,0,0,0,0,0,0,0,0,3.49,0,0,0,-25.60
"Jun 27, 2026 6:00:00 AM PDT",,Refund,111-4004556-1470117,TH-BREKNI-10,Bread Knife 10in,1,amazon.com,Standard Orders,Amazon,,,,MarketplaceFacilitator,-29.09,0,0,0,0,0,0,0,0,0,0,3.49,0,0,0,-25.60
"Jun 12, 2026 2:00:00 PM PDT",,Refund,111-4004574-8148369,TH-BREKNI-10,Bread Knife 10in,1,amazon.com,Standard Orders,Amazon,,,,MarketplaceFacilitator,-29.09,0,0,0,0,0,0,0,0,0,0,3.49,0,0,0,-25.60
"Aug 3, 2026 5:00:00 AM PDT",,Refund,111-4004664-7584751,TH-BREKNI-10,Bread Knife 10in,1,amazon.com,Standard Orders,Amazon,,,,MarketplaceFacilitator,-29.09,0,0,0,0,0,0,0,0,0,0,3.49,0,0,0,-25.60
"Aug 4, 2026 5:00:00 AM PDT",,Refund,111-4004713-5315177,TH-BREKNI-10,Bread Knife 10in,1,amazon.com,Standard Orders,Amazon,,,,MarketplaceFacilitator,-29.09,0,0,0,0,0,0,0,0,0,0,3.49,0,0,0,-25.60
"Jul 23, 2026 8:00:00 AM PDT",,Refund,111-4004783-2151629,TH-BREKNI-10,Bread Knife 10in,1,amazon.com,Standard Orders,Amazon,,,,MarketplaceFacilitator,-29.09,0,0,0,0,0,0,0,0,0,0,3.49,0,0,0,-25.60
"Aug 10, 2026 9:00:00 PM PDT",,Refund,111-4004854-9346814,TH-BREKNI-10,Bread Knife 10in,1,amazon.com,Standard Orders,Amazon,,,,MarketplaceFacilitator,-29.09,0,0,0,0,0,0,0,0,0,0,3.49,0,0,0,-25.60
"May 25, 2026 4:00:00 AM PDT",,Order,111-4004883-6530156,TH-BREKNI-10,Bread Knife 10in,1,amazon.com,Standard Orders,Amazon,SEATTLE,WA,98101,MarketplaceFacilitator,29.09,0,0,0,0,0,0,0,0,0,0,-4.36,-4.35,0,0,20.38
"May 21, 2026 8:00:00 AM PDT",,Order,111-4004951-7334001,TH-BREKNI-10,Bread Knife 10in,1,amazon.com,Standard Orders,Amazon,SEATTLE,WA,98101,MarketplaceFacilitator,29.09,0,0,0,0,0,0,0,0,0,0,-4.36,-4.35,0,0,20.38
"Jun 21, 2026 3:00:00 PM PDT",,Order,111-4004981-6594705,TH-BREKNI-10,Bread Knife 10in,1,amazon.com,Standard Orders,Amazon,SEATTLE,WA,98101,MarketplaceFacilitator,29.09,0,0,0,0,0,0,0,0,0,0,-4.36,-4.35,0,0,20.38
"May 29, 2026 9:00:00 PM PDT",,Refund,111-4005020-9298239,TH-KNISHA-11,Knife Sharpener Whetstone,1,amazon.com,Standard Orders,Amazon,,,,MarketplaceFacilitator,-24.99,0,0,0,0,0,0,0,0,0,0,3.00,0,0,0,-21.99
"Jul 19, 2026 10:00:00 AM PDT",,Refund,111-4005099-6202009,TH-KNISHA-11,Knife Sharpener Whetstone,1,amazon.com,Standard Orders,Amazon,,,,MarketplaceFacilitator,-24.99,0,0,0,0,0,0,0,0,0,0,3.00,0,0,0,-21.99
"Jul 11, 2026 5:00:00 PM PDT",,Refund,111-4005177-2907453,TH-KNISHA-11,Knife Sharpener Whetstone,1,amazon.com,Standard Orders,Amazon,,,,MarketplaceFacilitator,-24.99,0,0,0,0,0,0,0,0,0,0,3.00,0,0,0,-21.99
"Jun 23, 2026 5:00:00 AM PDT",,Refund,111-4005202-4555698,TH-KNISHA-11,Knife Sharpener Whetstone,1,amazon.com,Standard Orders,Amazon,,,,MarketplaceFacilitator,-24.99,0,0,0,0,0,0,0,0,0,0,3.00,0,0,0,-21.99
"Jun 13, 2026 3:00:00 PM PDT",,Refund,111-4005273-5446135,TH-KNISHA-11,Knife Sharpener Whetstone,1,amazon.com,Standard Orders,Amazon,,,,MarketplaceFacilitator,-24.99,0,0,0,0,0,0,0,0,0,0,3.00,0,0,0,-21.99
"Jun 22, 2026 7:00:00 PM PDT",,Refund,111-4005369-2718496,TH-KNISHA-11,Knife Sharpener Whetstone,1,amazon.com,Standard Orders,Amazon,,,,MarketplaceFacilitator,-24.99,0,0,0,0,0,0,0,0,0,0,3.00,0,0,0,-21.99
"Aug 15, 2026 11:00:00 AM PDT",,Refund,111-4005459-9197180,TH-KNISHA-11,Knife Sharpener Whetstone,1,amazon.com,Standard Orders,Amazon,,,,MarketplaceFacilitator,-24.99,0,0,0,0,0,0,0,0,0,0,3.00,0,0,0,-21.99
"Jun 10, 2026 9:00:00 PM PDT",,Refund,111-4005475-8663326,TH-KNISHA-11,Knife Sharpener Whetstone,1,amazon.com,Standard Orders,Amazon,,,,MarketplaceFacilitator,-24.99,0,0,0,0,0,0,0,0,0,0,3.00,0,0,0,-21.99
"May 29, 2026 2:00:00 PM PDT",,Refund,111-4005571-5972185,TH-KNISHA-11,Knife Sharpener Whetstone,1,amazon.com,Standard Orders,Amazon,,,,MarketplaceFacilitator,-24.99,0,0,0,0,0,0,0,0,0,0,3.00,0,0,0,-21.99
"Aug 16, 2026 1:00:00 PM PDT",,Order,111-4005607-6509060,TH-KNISHA-11,Knife Sharpener Whetstone,1,amazon.com,Standard Orders,Amazon,SEATTLE,WA,98101,MarketplaceFacilitator,24.99,0,0,0,0,0,0,0,0,0,0,-3.75,-4.35,0,0,16.89
"Jul 17, 2026 1:00:00 AM PDT",,Order,111-4005672-1799841,TH-KNISHA-11,Knife Sharpener Whetstone,1,amazon.com,Standard Orders,Amazon,SEATTLE,WA,98101,MarketplaceFacilitator,24.99,0,0,0,0,0,0,0,0,0,0,-3.75,-4.35,0,0,16.89
"Jul 23, 2026 2:00:00 PM PDT",,Order,111-4005758-3827947,TH-KNISHA-11,Knife Sharpener Whetstone,1,amazon.com,Standard Orders,Amazon,SEATTLE,WA,98101,MarketplaceFacilitator,24.99,0,0,0,0,0,0,0,0,0,0,-3.75,-4.35,0,0,16.89
"Jul 31, 2026 2:00:00 PM PDT",,Refund,111-4005830-8920177,TH-STAMIX-12,Stainless Mixing Bowls 5pc,1,amazon.com,Standard Orders,Amazon,,,,MarketplaceFacilitator,-38.10,0,0,0,0,0,0,0,0,0,0,4.57,0,0,0,-33.53
"Jul 5, 2026 10:00:00 PM PDT",,Refund,111-4005865-1782567,TH-STAMIX-12,Stainless Mixing Bowls 5pc,1,amazon.com,Standard Orders,Amazon,,,,MarketplaceFacilitator,-38.10,0,0,0,0,0,0,0,0,0,0,4.57,0,0,0,-33.53
"Aug 21, 2026 11:00:00 PM PDT",,Refund,111-4005943-8314716,TH-STAMIX-12,Stainless Mixing Bowls 5pc,1,amazon.com,Standard Orders,Amazon,,,,MarketplaceFacilitator,-38.10,0,0,0,0,0,0,0,0,0,0,4.57,0,0,0,-33.53
"Jul 14, 2026 5:00:00 AM PDT",,Refund,111-4006011-3723857,TH-STAMIX-12,Stainless Mixing Bowls 5pc,1,amazon.com,Standard Orders,Amazon,,,,MarketplaceFacilitator,-38.10,0,0,0,0,0,0,0,0,0,0,4.57,0,0,0,-33.53
"Aug 26, 2026 6:00:00 PM PDT",,Refund,111-4006029-5749140,TH-STAMIX-12,Stainless Mixing Bowls 5pc,1,amazon.com,Standard Orders,Amazon,,,,MarketplaceFacilitator,-38.10,0,0,0,0,0,0,0,0,0,0,4.57,0,0,0,-33.53
"May 26, 2026 2:00:00 PM PDT",,Refund,111-4006090-3906751,TH-STAMIX-12,Stainless Mixing Bowls 5pc,1,amazon.com,Standard Orders,Amazon,,,,MarketplaceFacilitator,-38.10,0,0,0,0,0,0,0,0,0,0,4.57,0,0,0,-33.53
"Aug 10, 2026 6:00:00 PM PDT",,Refund,111-4006132-6836469,TH-STAMIX-12,Stainless Mixing Bowls 5pc,1,amazon.com,Standard Orders,Amazon,,,,MarketplaceFacilitator,-38.10,0,0,0,0,0,0,0,0,0,0,4.57,0,0,0,-33.53
"Jun 3, 2026 6:00:00 PM PDT",,Refund,111-4006170-5237350,TH-STAMIX-12,Stainless Mixing Bowls 5pc,1,amazon.com,Standard Orders,Amazon,,,,MarketplaceFacilitator,-38.10,0,0,0,0,0,0,0,0,0,0,4.57,0,0,0,-33.53
"Jun 6, 2026 3:00:00 AM PDT",,Order,111-4006205-3805239,TH-STAMIX-12,Stainless Mixing Bowls 5pc,1,amazon.com,Standard Orders,Amazon,SEATTLE,WA,98101,MarketplaceFacilitator,38.10,0,0,0,0,0,0,0,0,0,0,-5.71,-7.10,0,0,25.28
"Jun 16, 2026 3:00:00 AM PDT",,Order,111-4006254-7071703,TH-STAMIX-12,Stainless Mixing Bowls 5pc,1,amazon.com,Standard Orders,Amazon,SEATTLE,WA,98101,MarketplaceFacilitator,38.10,0,0,0,0,0,0,0,0,0,0,-5.71,-7.10,0,0,25.28
"May 13, 2026 10:00:00 AM PDT",,Order,111-4006349-6469217,TH-STAMIX-12,Stainless Mixing Bowls 5pc,1,amazon.com,Standard Orders,Amazon,SEATTLE,WA,98101,MarketplaceFacilitator,38.10,0,0,0,0,0,0,0,0,0,0,-5.71,-7.10,0,0,25.28
"Jun 16, 2026 3:00:00 PM PDT",,Refund,111-4006443-4064328,TH-SILSPA-13,Silicone Spatula Set,1,amazon.com,Standard Orders,Amazon,,,,MarketplaceFacilitator,-15.44,0,0,0,0,0,0,0,0,0,0,1.85,0,0,0,-13.59
"Jun 7, 2026 2:00:00 PM PDT",,Refund,111-4006457-3990575,TH-SILSPA-13,Silicone Spatula Set,1,amazon.com,Standard Orders,Amazon,,,,MarketplaceFacilitator,-15.44,0,0,0,0,0,0,0,0,0,0,1.85,0,0,0,-13.59
"Aug 11, 2026 6:00:00 AM PDT",,Refund,111-4006520-8788796,TH-SILSPA-13,Silicone Spatula Set,1,amazon.com,Standard Orders,Amazon,,,,MarketplaceFacilitator,-15.44,0,0,0,0,0,0,0,0,0,0,1.85,0,0,0,-13.59
"May 21, 2026 11:00:00 AM PDT",,Refund,111-4006547-6808666,TH-SILSPA-13,Silicone Spatula Set,1,amazon.com,Standard Orders,Amazon,,,,MarketplaceFacilitator,-15.44,0,0,0,0,0,0,0,0,0,0,1.85,0,0,0,-13.59
"Jul 13, 2026 1:00:00 PM PDT",,Refund,111-4006576-8550885,TH-SILSPA-13,Silicone Spatula Set,1,amazon.com,Standard Orders,Amazon,,,,MarketplaceFacilitator,-15.44,0,0,0,0,0,0,0,0,0,0,1.85,0,0,0,-13.59
"May 11, 2026 4:00:00 PM PDT",,Refund,111-4006638-6018624,TH-SILSPA-13,Silicone Spatula Set,1,amazon.com,Standard Orders,Amazon,,,,MarketplaceFacilitator,-15.44,0,0,0,0,0,0,0,0,0,0,1.85,0,0,0,-13.59
"Aug 14, 2026 7:00:00 AM PDT",,Order,111-4006686-8928512,TH-SILSPA-13,Silicone Spatula Set,1,amazon.com,Standard Orders,Amazon,SEATTLE,WA,98101,MarketplaceFacilitator,15.44,0,0,0,0,0,0,0,0,0,0,-2.32,-4.35,0,0,8.77
"May 21, 2026 2:00:00 PM PDT",,Order,111-4006706-7481956,TH-SILSPA-13,Silicone Spatula Set,1,amazon.com,Standard Orders,Amazon,SEATTLE,WA,98101,MarketplaceFacilitator,15.44,0,0,0,0,0,0,0,0,0,0,-2.32,-4.35,0,0,8.77
"Jul 8, 2026 2:00:00 PM PDT",,Order,111-4006754-7491597,TH-SILSPA-13,Silicone Spatula Set,1,amazon.com,Standard Orders,Amazon,SEATTLE,WA,98101,MarketplaceFacilitator,15.44,0,0,0,0,0,0,0,0,0,0,-2.32,-4.35,0,0,8.77
"May 28, 2026 1:00:00 PM PDT",,Refund,111-4006766-2952585,TH-MEACUP-14,Measuring Cups Steel,1,amazon.com,Standard Orders,Amazon,,,,MarketplaceFacilitator,-21.33,0,0,0,0,0,0,0,0,0,0,2.56,0,0,0,-18.77
"Jul 24, 2026 9:00:00 PM PDT",,Refund,111-4006803-1795361,TH-MEACUP-14,Measuring Cups Steel,1,amazon.com,Standard Orders,Amazon,,,,MarketplaceFacilitator,-21.33,0,0,0,0,0,0,0,0,0,0,2.56,0,0,0,-18.77
"Jun 3, 2026 4:00:00 PM PDT",,Refund,111-4006840-8088000,TH-MEACUP-14,Measuring Cups Steel,1,amazon.com,Standard Orders,Amazon,,,,MarketplaceFacilitator,-21.33,0,0,0,0,0,0,0,0,0,0,2.56,0,0,0,-18.77
"Jul 20, 2026 6:00:00 AM PDT",,Refund,111-4006925-6253319,TH-MEACUP-14,Measuring Cups Steel,1,amazon.com,Standard Orders,Amazon,,,,MarketplaceFacilitator,-21.33,0,0,0,0,0,0,0,0,0,0,2.56,0,0,0,-18.77
"Jul 11, 2026 10:00:00 AM PDT",,Refund,111-4007001-7534531,TH-MEACUP-14,Measuring Cups Steel,1,amazon.com,Standard Orders,Amazon,,,,MarketplaceFacilitator,-21.33,0,0,0,0,0,0,0,0,0,0,2.56,0,0,0,-18.77
"Aug 1, 2026 5:00:00 AM PDT",,Refund,111-4007069-8495470,TH-MEACUP-14,Measuring Cups Steel,1,amazon.com,Standard Orders,Amazon,,,,MarketplaceFacilitator,-21.33,0,0,0,0,0,0,0,0,0,0,2.56,0,0,0,-18.77
"Aug 13, 2026 5:00:00 PM PDT",,Refund,111-4007087-1150864,TH-MEACUP-14,Measuring Cups Steel,1,amazon.com,Standard Orders,Amazon,,,,MarketplaceFacilitator,-21.33,0,0,0,0,0,0,0,0,0,0,2.56,0,0,0,-18.77
"Jun 23, 2026 9:00:00 AM PDT",,Refund,111-4007143-6810141,TH-MEACUP-14,Measuring Cups Steel,1,amazon.com,Standard Orders,Amazon,,,,MarketplaceFacilitator,-21.33,0,0,0,0,0,0,0,0,0,0,2.56,0,0,0,-18.77
"Jun 10, 2026 9:00:00 PM PDT",,Order,111-4007169-8844988,TH-MEACUP-14,Measuring Cups Steel,1,amazon.com,Standard Orders,Amazon,SEATTLE,WA,98101,MarketplaceFacilitator,21.33,0,0,0,0,0,0,0,0,0,0,-3.20,-4.35,0,0,13.78
"Jun 21, 2026 7:00:00 AM PDT",,Order,111-4007258-7361830,TH-MEACUP-14,Measuring Cups Steel,1,amazon.com,Standard Orders,Amazon,SEATTLE,WA,98101,MarketplaceFacilitator,21.33,0,0,0,0,0,0,0,0,0,0,-3.20,-4.35,0,0,13.78
"Aug 9, 2026 4:00:00 AM PDT",,Order,111-4007325-7567000,TH-MEACUP-14,Measuring Cups Steel,1,amazon.com,Standard Orders,Amazon,SEATTLE,WA,98101,MarketplaceFacilitator,21.33,0,0,0,0,0,0,0,0,0,0,-3.20,-4.35,0,0,13.78
"Jun 22, 2026 1:00:00 PM PDT",,Refund,111-4007359-1778709,TH-SALCEL-15,Salt Cellar Acacia,1,amazon.com,Standard Orders,Amazon,,,,MarketplaceFacilitator,-17.50,0,0,0,0,0,0,0,0,0,0,2.10,0,0,0,-15.40
"Jun 8, 2026 8:00:00 AM PDT",,Refund,111-4007423-8658050,TH-SALCEL-15,Salt Cellar Acacia,1,amazon.com,Standard Orders,Amazon,,,,MarketplaceFacilitator,-17.50,0,0,0,0,0,0,0,0,0,0,2.10,0,0,0,-15.40
"Jun 9, 2026 9:00:00 PM PDT",,Refund,111-4007464-4834130,TH-SALCEL-15,Salt Cellar Acacia,1,amazon.com,Standard Orders,Amazon,,,,MarketplaceFacilitator,-17.50,0,0,0,0,0,0,0,0,0,0,2.10,0,0,0,-15.40
"Jun 15, 2026 8:00:00 AM PDT",,Order,111-4007531-8918640,TH-SALCEL-15,Salt Cellar Acacia,1,amazon.com,Standard Orders,Amazon,SEATTLE,WA,98101,MarketplaceFacilitator,17.50,0,0,0,0,0,0,0,0,0,0,-2.62,-4.35,0,0,10.53
"Jul 23, 2026 8:00:00 PM PDT",,Order,111-4007586-8221061,TH-SALCEL-15,Salt Cellar Acacia,1,amazon.com,Standard Orders,Amazon,SEATTLE,WA,98101,MarketplaceFacilitator,17.50,0,0,0,0,0,0,0,0,0,0,-2.62,-4.35,0,0,10.53
"Aug 24, 2026 6:00:00 AM PDT",,Order,111-4007677-8983582,TH-SALCEL-15,Salt Cellar Acacia,1,amazon.com,Standard Orders,Amazon,SEATTLE,WA,98101,MarketplaceFacilitator,17.50,0,0,0,0,0,0,0,0,0,0,-2.62,-4.35,0,0,10.53
"Jun 5, 2026 7:00:00 AM PDT",,Refund,111-4007751-8335136,TH-PEPMIL-16,Pepper Mill Walnut,1,amazon.com,Standard Orders,Amazon,,,,MarketplaceFacilitator,-33.98,0,0,0,0,0,0,0,0,0,0,4.08,0,0,0,-29.90
"Aug 22, 2026 7:00:00 AM PDT",,Refund,111-4007798-6021701,TH-PEPMIL-16,Pepper Mill Walnut,1,amazon.com,Standard Orders,Amazon,,,,MarketplaceFacilitator,-33.98,0,0,0,0,0,0,0,0,0,0,4.08,0,0,0,-29.90
"May 25, 2026 8:00:00 AM PDT",,Refund,111-4007866-6847779,TH-PEPMIL-16,Pepper Mill Walnut,1,amazon.com,Standard Orders,Amazon,,,,MarketplaceFacilitator,-33.98,0,0,0,0,0,0,0,0,0,0,4.08,0,0,0,-29.90
"Jun 4, 2026 8:00:00 AM PDT",,Refund,111-4007881-1390064,TH-PEPMIL-16,Pepper Mill Walnut,1,amazon.com,Standard Orders,Amazon,,,,MarketplaceFacilitator,-33.98,0,0,0,0,0,0,0,0,0,0,4.08,0,0,0,-29.90
"May 30, 2026 2:00:00 PM PDT",,Refund,111-4007916-2698823,TH-PEPMIL-16,Pepper Mill Walnut,1,amazon.com,Standard Orders,Amazon,,,,MarketplaceFacilitator,-33.98,0,0,0,0,0,0,0,0,0,0,4.08,0,0,0,-29.90
"Aug 23, 2026 3:00:00 PM PDT",,Order,111-4007979-3999489,TH-PEPMIL-16,Pepper Mill Walnut,1,amazon.com,Standard Orders,Amazon,SEATTLE,WA,98101,MarketplaceFacilitator,33.98,0,0,0,0,0,0,0,0,0,0,-5.10,-4.35,0,0,24.53
"Jun 5, 2026 6:00:00 PM PDT",,Order,111-4008034-3361675,TH-PEPMIL-16,Pepper Mill Walnut,1,amazon.com,Standard Orders,Amazon,SEATTLE,WA,98101,MarketplaceFacilitator,33.98,0,0,0,0,0,0,0,0,0,0,-5.10,-4.35,0,0,24.53
"Aug 31, 2026 5:00:00 PM PDT",,Order,111-4008094-4126949,TH-PEPMIL-16,Pepper Mill Walnut,1,amazon.com,Standard Orders,Amazon,SEATTLE,WA,98101,MarketplaceFacilitator,33.98,0,0,0,0,0,0,0,0,0,0,-5.10,-4.35,0,0,24.53
"May 29, 2026 12:00:00 PM PDT",,Refund,111-4008141-6913526,TH-FREPRE-17,French Press 34oz,1,amazon.com,Standard Orders,Amazon,,,,MarketplaceFacilitator,-30.89,0,0,0,0,0,0,0,0,0,0,3.71,0,0,0,-27.18
"Jul 20, 2026 4:00:00 PM PDT",,Refund,111-4008203-3426565,TH-FREPRE-17,French Press 34oz,1,amazon.com,Standard Orders,Amazon,,,,MarketplaceFacilitator,-30.89,0,0,0,0,0,0,0,0,0,0,3.71,0,0,0,-27.18
"Aug 21, 2026 9:00:00 AM PDT",,Refund,111-4008249-3486038,TH-FREPRE-17,French Press 34oz,1,amazon.com,Standard Orders,Amazon,,,,MarketplaceFacilitator,-30.89,0,0,0,0,0,0,0,0,0,0,3.71,0,0,0,-27.18
"May 5, 2026 10:00:00 AM PDT",,Order,111-4008340-3221512,TH-FREPRE-17,French Press 34oz,1,amazon.com,Standard Orders,Amazon,SEATTLE,WA,98101,MarketplaceFacilitator,30.89,0,0,0,0,0,0,0,0,0,0,-4.63,-4.35,0,0,21.91
"Jul 12, 2026 3:00:00 AM PDT",,Order,111-4008423-6378162,TH-FREPRE-17,French Press 34oz,1,amazon.com,Standard Orders,Amazon,SEATTLE,WA,98101,MarketplaceFacilitator,30.89,0,0,0,0,0,0,0,0,0,0,-4.63,-4.35,0,0,21.91
"Aug 22, 2026 4:00:00 PM PDT",,Order,111-4008510-7167411,TH-FREPRE-17,French Press 34oz,1,amazon.com,Standard Orders,Amazon,SEATTLE,WA,98101,MarketplaceFacilitator,30.89,0,0,0,0,0,0,0,0,0,0,-4.63,-4.35,0,0,21.91
"Jul 18, 2026 11:00:00 AM PDT",,Refund,111-4008581-3462261,TH-POUOVE-18,Pour Over Kettle Gooseneck,1,amazon.com,Standard Orders,Amazon,,,,MarketplaceFacilitator,-44.28,0,0,0,0,0,0,0,0,0,0,5.31,0,0,0,-38.97
"Jun 14, 2026 9:00:00 AM PDT",,Refund,111-4008592-3878699,TH-POUOVE-18,Pour Over Kettle Gooseneck,1,amazon.com,Standard Orders,Amazon,,,,MarketplaceFacilitator,-44.28,0,0,0,0,0,0,0,0,0,0,5.31,0,0,0,-38.97
"Jun 9, 2026 1:00:00 PM PDT",,Refund,111-4008662-1188262,TH-POUOVE-18,Pour Over Kettle Gooseneck,1,amazon.com,Standard Orders,Amazon,,,,MarketplaceFacilitator,-44.28,0,0,0,0,0,0,0,0,0,0,5.31,0,0,0,-38.97
"Jul 12, 2026 4:00:00 PM PDT",,Refund,111-4008758-6816963,TH-POUOVE-18,Pour Over Kettle Gooseneck,1,amazon.com,Standard Orders,Amazon,,,,MarketplaceFacilitator,-44.28,0,0,0,0,0,0,0,0,0,0,5.31,0,0,0,-38.97
"Jul 3, 2026 2:00:00 AM PDT",,Refund,111-4008775-1999468,TH-POUOVE-18,Pour Over Kettle Gooseneck,1,amazon.com,Standard Orders,Amazon,,,,MarketplaceFacilitator,-44.28,0,0,0,0,0,0,0,0,0,0,5.31,0,0,0,-38.97
"May 15, 2026 1:00:00 AM PDT",,Refund,111-4008814-6418098,TH-POUOVE-18,Pour Over Kettle Gooseneck,1,amazon.com,Standard Orders,Amazon,,,,MarketplaceFacilitator,-44.28,0,0,0,0,0,0,0,0,0,0,5.31,0,0,0,-38.97
"Jun 20, 2026 6:00:00 PM PDT",,Order,111-4008909-4623946,TH-POUOVE-18,Pour Over Kettle Gooseneck,1,amazon.com,Standard Orders,Amazon,SEATTLE,WA,98101,MarketplaceFacilitator,44.28,0,0,0,0,0,0,0,0,0,0,-6.64,-4.35,0,0,33.29
"Aug 4, 2026 2:00:00 AM PDT",,Order,111-4008996-4361219,TH-POUOVE-18,Pour Over Kettle Gooseneck,1,amazon.com,Standard Orders,Amazon,SEATTLE,WA,98101,MarketplaceFacilitator,44.28,0,0,0,0,0,0,0,0,0,0,-6.64,-4.35,0,0,33.29
"May 17, 2026 8:00:00 AM PDT",,Order,111-4009072-6791246,TH-POUOVE-18,Pour Over Kettle Gooseneck,1,amazon.com,Standard Orders,Amazon,SEATTLE,WA,98101,MarketplaceFacilitator,44.28,0,0,0,0,0,0,0,0,0,0,-6.64,-4.35,0,0,33.29
"Jul 5, 2026 10:00:00 PM PDT",,Refund,111-4009121-3689668,TH-COFCAN-19,Coffee Canister Airtight,1,amazon.com,Standard Orders,Amazon,,,,MarketplaceFacilitator,-22.99,0,0,0,0,0,0,0,0,0,0,2.76,0,0,0,-20.23
"Jun 29, 2026 7:00:00 PM PDT",,Refund,111-4009139-5700270,TH-COFCAN-19,Coffee Canister Airtight,1,amazon.com,Standard Orders,Amazon,,,,MarketplaceFacilitator,-22.99,0,0,0,0,0,0,0,0,0,0,2.76,0,0,0,-20.23
"Aug 27, 2026 3:00:00 PM PDT",,Refund,111-4009157-6843329,TH-COFCAN-19,Coffee Canister Airtight,1,amazon.com,Standard Orders,Amazon,,,,MarketplaceFacilitator,-22.99,0,0,0,0,0,0,0,0,0,0,2.76,0,0,0,-20.23
"Aug 3, 2026 9:00:00 AM PDT",,Refund,111-4009206-5380884,TH-COFCAN-19,Coffee Canister Airtight,1,amazon.com,Standard Orders,Amazon,,,,MarketplaceFacilitator,-22.99,0,0,0,0,0,0,0,0,0,0,2.76,0,0,0,-20.23
"Jun 30, 2026 8:00:00 PM PDT",,Refund,111-4009221-3909542,TH-COFCAN-19,Coffee Canister Airtight,1,amazon.com,Standard Orders,Amazon,,,,MarketplaceFacilitator,-22.99,0,0,0,0,0,0,0,0,0,0,2.76,0,0,0,-20.23
"Jun 24, 2026 11:00:00 AM PDT",,Refund,111-4009307-7052931,TH-COFCAN-19,Coffee Canister Airtight,1,amazon.com,Standard Orders,Amazon,,,,MarketplaceFacilitator,-22.99,0,0,0,0,0,0,0,0,0,0,2.76,0,0,0,-20.23
"Jun 27, 2026 1:00:00 AM PDT",,Refund,111-4009338-4759944,TH-COFCAN-19,Coffee Canister Airtight,1,amazon.com,Standard Orders,Amazon,,,,MarketplaceFacilitator,-22.99,0,0,0,0,0,0,0,0,0,0,2.76,0,0,0,-20.23
"Aug 16, 2026 7:00:00 PM PDT",,Order,111-4009353-5865992,TH-COFCAN-19,Coffee Canister Airtight,1,amazon.com,Standard Orders,Amazon,SEATTLE,WA,98101,MarketplaceFacilitator,22.99,0,0,0,0,0,0,0,0,0,0,-3.45,-4.35,0,0,15.19
"May 7, 2026 8:00:00 AM PDT",,Order,111-4009410-1661102,TH-COFCAN-19,Coffee Canister Airtight,1,amazon.com,Standard Orders,Amazon,SEATTLE,WA,98101,MarketplaceFacilitator,22.99,0,0,0,0,0,0,0,0,0,0,-3.45,-4.35,0,0,15.19
"Jun 6, 2026 9:00:00 PM PDT",,Order,111-4009487-2344910,TH-COFCAN-19,Coffee Canister Airtight,1,amazon.com,Standard Orders,Amazon,SEATTLE,WA,98101,MarketplaceFacilitator,22.99,0,0,0,0,0,0,0,0,0,0,-3.45,-4.35,0,0,15.19
"Jun 1, 2026 11:00:00 PM PDT",,Refund,111-4009527-8990155,TH-TEAINF-20,Tea Infuser Mug,1,amazon.com,Standard Orders,Amazon,,,,MarketplaceFacilitator,-18.53,0,0,0,0,0,0,0,0,0,0,2.22,0,0,0,-16.31
"Aug 11, 2026 5:00:00 AM PDT",,Refund,111-4009553-2891531,TH-TEAINF-20,Tea Infuser Mug,1,amazon.com,Standard Orders,Amazon,,,,MarketplaceFacilitator,-18.53,0,0,0,0,0,0,0,0,0,0,2.22,0,0,0,-16.31
"Aug 16, 2026 12:00:00 PM PDT",,Refund,111-4009590-3085344,TH-TEAINF-20,Tea Infuser Mug,1,amazon.com,Standard Orders,Amazon,,,,MarketplaceFacilitator,-18.53,0,0,0,0,0,0,0,0,0,0,2.22,0,0,0,-16.31
"Jun 8, 2026 5:00:00 PM PDT",,Refund,111-4009643-9115491,TH-TEAINF-20,Tea Infuser Mug,1,amazon.com,Standard Orders,Amazon,,,,MarketplaceFacilitator,-18.53,0,0,0,0,0,0,0,0,0,0,2.22,0,0,0,-16.31
"Jul 14, 2026 5:00:00 AM PDT",,Refund,111-4009667-5339873,TH-TEAINF-20,Tea Infuser Mug,1,amazon.com,Standard Orders,Amazon,,,,MarketplaceFacilitator,-18.53,0,0,0,0,0,0,0,0,0,0,2.22,0,0,0,-16.31
"May 29, 2026 10:00:00 PM PDT",,Refund,111-4009710-4973788,TH-TEAINF-20,Tea Infuser Mug,1,amazon.com,Standard Orders,Amazon,,,,MarketplaceFacilitator,-18.53,0,0,0,0,0,0,0,0,0,0,2.22,0,0,0,-16.31
"May 31, 2026 11:00:00 AM PDT",,Refund,111-4009786-8812146,TH-TEAINF-20,Tea Infuser Mug,1,amazon.com,Standard Orders,Amazon,,,,MarketplaceFacilitator,-18.53,0,0,0,0,0,0,0,0,0,0,2.22,0,0,0,-16.31
"Jul 1, 2026 2:00:00 PM PDT",,Refund,111-4009824-6290224,TH-TEAINF-20,Tea Infuser Mug,1,amazon.com,Standard Orders,Amazon,,,,MarketplaceFacilitator,-18.53,0,0,0,0,0,0,0,0,0,0,2.22,0,0,0,-16.31
"Jul 19, 2026 7:00:00 PM PDT",,Order,111-4009908-5264601,TH-TEAINF-20,Tea Infuser Mug,1,amazon.com,Standard Orders,Amazon,SEATTLE,WA,98101,MarketplaceFacilitator,18.53,0,0,0,0,0,0,0,0,0,0,-2.78,-4.35,0,0,11.40
"Jun 8, 2026 4:00:00 AM PDT",,Order,111-4010004-2931238,TH-TEAINF-20,Tea Infuser Mug,1,amazon.com,Standard Orders,Amazon,SEATTLE,WA,98101,MarketplaceFacilitator,18.53,0,0,0,0,0,0,0,0,0,0,-2.78,-4.35,0,0,11.40
"May 20, 2026 6:00:00 PM PDT",,Order,111-4010030-1078488,TH-TEAINF-20,Tea Infuser Mug,1,amazon.com,Standard Orders,Amazon,SEATTLE,WA,98101,MarketplaceFacilitator,18.53,0,0,0,0,0,0,0,0,0,0,-2.78,-4.35,0,0,11.40
"Jun 30, 2026 5:00:00 AM PDT",,Refund,111-4010114-7638485,TH-APRWAX-21,Apron Waxed Canvas,1,amazon.com,Standard Orders,Amazon,,,,MarketplaceFacilitator,-41.19,0,0,0,0,0,0,0,0,0,0,4.94,0,0,0,-36.25
"Jun 3, 2026 11:00:00 AM PDT",,Refund,111-4010134-5623570,TH-APRWAX-21,Apron Waxed Canvas,1,amazon.com,Standard Orders,Amazon,,,,MarketplaceFacilitator,-41.19,0,0,0,0,0,0,0,0,0,0,4.94,0,0,0,-36.25
"Jul 10, 2026 5:00:00 AM PDT",,Refund,111-4010200-8564283,TH-APRWAX-21,Apron Waxed Canvas,1,amazon.com,Standard Orders,Amazon,,,,MarketplaceFacilitator,-41.19,0,0,0,0,0,0,0,0,0,0,4.94,0,0,0,-36.25
"Jul 13, 2026 2:00:00 PM PDT",,Refund,111-4010212-9353804,TH-APRWAX-21,Apron Waxed Canvas,1,amazon.com,Standard Orders,Amazon,,,,MarketplaceFacilitator,-41.19,0,0,0,0,0,0,0,0,0,0,4.94,0,0,0,-36.25
"Jun 28, 2026 8:00:00 AM PDT",,Refund,111-4010271-7097275,TH-APRWAX-21,Apron Waxed Canvas,1,amazon.com,Standard Orders,Amazon,,,,MarketplaceFacilitator,-41.19,0,0,0,0,0,0,0,0,0,0,4.94,0,0,0,-36.25
"Jul 19, 2026 8:00:00 AM PDT",,Refund,111-4010329-4458788,TH-APRWAX-21,Apron Waxed Canvas,1,amazon.com,Standard Orders,Amazon,,,,MarketplaceFacilitator,-41.19,0,0,0,0,0,0,0,0,0,0,4.94,0,0,0,-36.25
"Jul 15, 2026 5:00:00 PM PDT",,Order,111-4010350-2651188,TH-APRWAX-21,Apron Waxed Canvas,1,amazon.com,Standard Orders,Amazon,SEATTLE,WA,98101,MarketplaceFacilitator,41.19,0,0,0,0,0,0,0,0,0,0,-6.18,-4.35,0,0,30.66
"Aug 13, 2026 12:00:00 PM PDT",,Order,111-4010399-3884719,TH-APRWAX-21,Apron Waxed Canvas,1,amazon.com,Standard Orders,Amazon,SEATTLE,WA,98101,MarketplaceFacilitator,41.19,0,0,0,0,0,0,0,0,0,0,-6.18,-4.35,0,0,30.66
"Aug 15, 2026 2:00:00 PM PDT",,Order,111-4010479-2914663,TH-APRWAX-21,Apron Waxed Canvas,1,amazon.com,Standard Orders,Amazon,SEATTLE,WA,98101,MarketplaceFacilitator,41.19,0,0,0,0,0,0,0,0,0,0,-6.18,-4.35,0,0,30.66
"May 29, 2026 6:00:00 PM PDT",,Refund,111-4010492-1396270,TH-OVEMIT-22,Oven Mitts Aramid Pair,1,amazon.com,Standard Orders,Amazon,,,,MarketplaceFacilitator,-19.99,0,0,0,0,0,0,0,0,0,0,2.40,0,0,0,-17.59
"Jul 15, 2026 1:00:00 PM PDT",,Refund,111-4010526-2155295,TH-OVEMIT-22,Oven Mitts Aramid Pair,1,amazon.com,Standard Orders,Amazon,,,,MarketplaceFacilitator,-19.99,0,0,0,0,0,0,0,0,0,0,2.40,0,0,0,-17.59
"Jul 9, 2026 4:00:00 PM PDT",,Refund,111-4010585-7573195,TH-OVEMIT-22,Oven Mitts Aramid Pair,1,amazon.com,Standard Orders,Amazon,,,,MarketplaceFacilitator,-19.99,0,0,0,0,0,0,0,0,0,0,2.40,0,0,0,-17.59
"Jun 10, 2026 11:00:00 AM PDT",,Refund,111-4010601-7598678,TH-OVEMIT-22,Oven Mitts Aramid Pair,1,amazon.com,Standard Orders,Amazon,,,,MarketplaceFacilitator,-19.99,0,0,0,0,0,0,0,0,0,0,2.40,0,0,0,-17.59
"Aug 18, 2026 11:00:00 AM PDT",,Refund,111-4010633-4509044,TH-OVEMIT-22,Oven Mitts Aramid Pair,1,amazon.com,Standard Orders,Amazon,,,,MarketplaceFacilitator,-19.99,0,0,0,0,0,0,0,0,0,0,2.40,0,0,0,-17.59
"Aug 19, 2026 4:00:00 PM PDT",,Refund,111-4010682-5252335,TH-OVEMIT-22,Oven Mitts Aramid Pair,1,amazon.com,Standard Orders,Amazon,,,,MarketplaceFacilitator,-19.99,0,0,0,0,0,0,0,0,0,0,2.40,0,0,0,-17.59
"Jun 23, 2026 7:00:00 AM PDT",,Refund,111-4010735-9520448,TH-OVEMIT-22,Oven Mitts Aramid Pair,1,amazon.com,Standard Orders,Amazon,,,,MarketplaceFacilitator,-19.99,0,0,0,0,0,0,0,0,0,0,2.40,0,0,0,-17.59
"Jun 7, 2026 1:00:00 AM PDT",,Refund,111-4010769-9828062,TH-OVEMIT-22,Oven Mitts Aramid Pair,1,amazon.com,Standard Orders,Amazon,,,,MarketplaceFacilitator,-19.99,0,0,0,0,0,0,0,0,0,0,2.40,0,0,0,-17.59
"Aug 13, 2026 6:00:00 PM PDT",,Order,111-4010859-2928971,TH-OVEMIT-22,Oven Mitts Aramid Pair,1,amazon.com,Standard Orders,Amazon,SEATTLE,WA,98101,MarketplaceFacilitator,19.99,0,0,0,0,0,0,0,0,0,0,-3.00,-4.35,0,0,12.64
"Jun 26, 2026 1:00:00 PM PDT",,Order,111-4010938-8184693,TH-OVEMIT-22,Oven Mitts Aramid Pair,1,amazon.com,Standard Orders,Amazon,SEATTLE,WA,98101,MarketplaceFacilitator,19.99,0,0,0,0,0,0,0,0,0,0,-3.00,-4.35,0,0,12.64
"Aug 24, 2026 7:00:00 AM PDT",,Order,111-4011029-4183765,TH-OVEMIT-22,Oven Mitts Aramid Pair,1,amazon.com,Standard Orders,Amazon,SEATTLE,WA,98101,MarketplaceFacilitator,19.99,0,0,0,0,0,0,0,0,0,0,-3.00,-4.35,0,0,12.64
"Jul 10, 2026 8:00:00 AM PDT",,Refund,111-4011049-6061639,TH-TRICOR-23,Trivet Cork Set,1,amazon.com,Standard Orders,Amazon,,,,MarketplaceFacilitator,-12.60,0,0,0,0,0,0,0,0,0,0,1.51,0,0,0,-11.09
"Jun 20, 2026 8:00:00 AM PDT",,Refund,111-4011091-9800846,TH-TRICOR-23,Trivet Cork Set,1,amazon.com,Standard Orders,Amazon,,,,MarketplaceFacilitator,-12.60,0,0,0,0,0,0,0,0,0,0,1.51,0,0,0,-11.09
"Jun 18, 2026 5:00:00 PM PDT",,Refund,111-4011181-2586149,TH-TRICOR-23,Trivet Cork Set,1,amazon.com,Standard Orders,Amazon,,,,MarketplaceFacilitator,-12.60,0,0,0,0,0,0,0,0,0,0,1.51,0,0,0,-11.09
"Jun 26, 2026 12:00:00 PM PDT",,Refund,111-4011243-8461978,TH-TRICOR-23,Trivet Cork Set,1,amazon.com,Standard Orders,Amazon,,,,MarketplaceFacilitator,-12.60,0,0,0,0,0,0,0,0,0,0,1.51,0,0,0,-11.09
"May 24, 2026 7:00:00 PM PDT",,Refund,111-4011334-2057147,TH-TRICOR-23,Trivet Cork Set,1,amazon.com,Standard Orders,Amazon,,,,MarketplaceFacilitator,-12.60,0,0,0,0,0,0,0,0,0,0,1.51,0,0,0,-11.09
"Aug 20, 2026 10:00:00 AM PDT",,Order,111-4011357-5441969,TH-TRICOR-23,Trivet Cork Set,1,amazon.com,Standard Orders,Amazon,SEATTLE,WA,98101,MarketplaceFacilitator,12.60,0,0,0,0,0,0,0,0,0,0,-1.89,-4.35,0,0,6.36
"Jun 22, 2026 6:00:00 AM PDT",,Order,111-4011376-9681130,TH-TRICOR-23,Trivet Cork Set,1,amazon.com,Standard Orders,Amazon,SEATTLE,WA,98101,MarketplaceFacilitator,12.60,0,0,0,0,0,0,0,0,0,0,-1.89,-4.35,0,0,6.36
"Jul 18, 2026 6:00:00 PM PDT",,Order,111-4011440-6959648,TH-TRICOR-23,Trivet Cork Set,1,amazon.com,Standard Orders,Amazon,SEATTLE,WA,98101,MarketplaceFacilitator,12.60,0,0,0,0,0,0,0,0,0,0,-1.89,-4.35,0,0,6.36
"Jul 24, 2026 7:00:00 PM PDT",,Refund,111-4011515-4269611,TH-KITTOW-24,Kitchen Towels Linen 4pk,1,amazon.com,Standard Orders,Amazon,,,,MarketplaceFacilitator,-24.99,0,0,0,0,0,0,0,0,0,0,3.00,0,0,0,-21.99
"Jul 30, 2026 4:00:00 PM PDT",,Refund,111-4011569-3207450,TH-KITTOW-24,Kitchen Towels Linen 4pk,1,amazon.com,Standard Orders,Amazon,,,,MarketplaceFacilitator,-24.99,0,0,0,0,0,0,0,0,0,0,3.00,0,0,0,-21.99
"Jun 17, 2026 5:00:00 PM PDT",,Refund,111-4011604-6801555,TH-KITTOW-24,Kitchen Towels Linen 4pk,1,amazon.com,Standard Orders,Amazon,,,,MarketplaceFacilitator,-24.99,0,0,0,0,0,0,0,0,0,0,3.00,0,0,0,-21.99
"May 24, 2026 10:00:00 AM PDT",,Refund,111-4011691-1549916,TH-KITTOW-24,Kitchen Towels Linen 4pk,1,amazon.com,Standard Orders,Amazon,,,,MarketplaceFacilitator,-24.99,0,0,0,0,0,0,0,0,0,0,3.00,0,0,0,-21.99
"Aug 15, 2026 11:00:00 AM PDT",,Refund,111-4011766-8267486,TH-KITTOW-24,Kitchen Towels Linen 4pk,1,amazon.com,Standard Orders,Amazon,,,,MarketplaceFacilitator,-24.99,0,0,0,0,0,0,0,0,0,0,3.00,0,0,0,-21.99
"Aug 12, 2026 8:00:00 AM PDT",,Refund,111-4011783-5437791,TH-KITTOW-24,Kitchen Towels Linen 4pk,1,amazon.com,Standard Orders,Amazon,,,,MarketplaceFacilitator,-24.99,0,0,0,0,0,0,0,0,0,0,3.00,0,0,0,-21.99
"Aug 10, 2026 3:00:00 PM PDT",,Refund,111-4011820-2824383,TH-KITTOW-24,Kitchen Towels Linen 4pk,1,amazon.com,Standard Orders,Amazon,,,,MarketplaceFacilitator,-24.99,0,0,0,0,0,0,0,0,0,0,3.00,0,0,0,-21.99
"Jul 5, 2026 1:00:00 AM PDT",,Order,111-4011868-4284933,TH-KITTOW-24,Kitchen Towels Linen 4pk,1,amazon.com,Standard Orders,Amazon,SEATTLE,WA,98101,MarketplaceFacilitator,24.99,0,0,0,0,0,0,0,0,0,0,-3.75,-4.35,0,0,16.89
"Jul 21, 2026 3:00:00 AM PDT",,Order,111-4011964-1243107,TH-KITTOW-24,Kitchen Towels Linen 4pk,1,amazon.com,Standard Orders,Amazon,SEATTLE,WA,98101,MarketplaceFacilitator,24.99,0,0,0,0,0,0,0,0,0,0,-3.75,-4.35,0,0,16.89
"Aug 14, 2026 3:00:00 AM PDT",,Order,111-4012059-3866693,TH-KITTOW-24,Kitchen Towels Linen 4pk,1,amazon.com,Standard Orders,Amazon,SEATTLE,WA,98101,MarketplaceFacilitator,24.99,0,0,0,0,0,0,0,0,0,0,-3.75,-4.35,0,0,16.89
"Sep 7, 2025 12:00:00 AM PDT",,FBA Inventory Fee,,,FBA storage fee,,amazon.com,,,,,,,0,0,0,0,0,0,0,0,0,0,0,0,0,0,-1081.41,-1081.41
"Sep 12, 2025 9:15:30 AM PDT",,Service Fee,,,Subscription,,amazon.com,,,,,,,0,0,0,0,0,0,0,0,0,0,0,0,0,0,-39.99,-39.99
"Oct 7, 2025 12:00:00 AM PDT",,FBA Inventory Fee,,,FBA storage fee,,amazon.com,,,,,,,0,0,0,0,0,0,0,0,0,0,0,0,0,0,-3671.33,-3671.33
"Oct 12, 2025 9:15:30 AM PDT",,Service Fee,,,Subscription,,amazon.com,,,,,,,0,0,0,0,0,0,0,0,0,0,0,0,0,0,-39.99,-39.99
"Nov 7, 2025 12:00:00 AM PDT",,FBA Inventory Fee,,,FBA storage fee,,amazon.com,,,,,,,0,0,0,0,0,0,0,0,0,0,0,0,0,0,-5089.89,-5089.89
"Nov 12, 2025 9:15:30 AM PDT",,Service Fee,,,Subscription,,amazon.com,,,,,,,0,0,0,0,0,0,0,0,0,0,0,0,0,0,-39.99,-39.99
"Dec 7, 2025 12:00:00 AM PDT",,FBA Inventory Fee,,,FBA storage fee,,amazon.com,,,,,,,0,0,0,0,0,0,0,0,0,0,0,0,0,0,-5836.69,-5836.69
"Dec 12, 2025 9:15:30 AM PDT",,Service Fee,,,Subscription,,amazon.com,,,,,,,0,0,0,0,0,0,0,0,0,0,0,0,0,0,-39.99,-39.99
"Jan 7, 2026 12:00:00 AM PDT",,FBA Inventory Fee,,,FBA storage fee,,amazon.com,,,,,,,0,0,0,0,0,0,0,0,0,0,0,0,0,0,-1233.81,-1233.81
"Jan 12, 2026 9:15:30 AM PDT",,Service Fee,,,Subscription,,amazon.com,,,,,,,0,0,0,0,0,0,0,0,0,0,0,0,0,0,-39.99,-39.99
"Feb 7, 2026 12:00:00 AM PDT",,FBA Inventory Fee,,,FBA storage fee,,amazon.com,,,,,,,0,0,0,0,0,0,0,0,0,0,0,0,0,0,-1031.64,-1031.64
"Feb 12, 2026 9:15:30 AM PDT",,Service Fee,,,Subscription,,amazon.com,,,,,,,0,0,0,0,0,0,0,0,0,0,0,0,0,0,-39.99,-39.99
"Mar 7, 2026 12:00:00 AM PDT",,FBA Inventory Fee,,,FBA storage fee,,amazon.com,,,,,,,0,0,0,0,0,0,0,0,0,0,0,0,0,0,-1284.60,-1284.60
"Mar 12, 2026 9:15:30 AM PDT",,Service Fee,,,Subscription,,amazon.com,,,,,,,0,0,0,0,0,0,0,0,0,0,0,0,0,0,-39.99,-39.99
"Apr 7, 2026 12:00:00 AM PDT",,FBA Inventory Fee,,,FBA storage fee,,amazon.com,,,,,,,0,0,0,0,0,0,0,0,0,0,0,0,0,0,-1612.73,-1612.73
"Apr 12, 2026 9:15:30 AM PDT",,Service Fee,,,Subscription,,amazon.com,,,,,,,0,0,0,0,0,0,0,0,0,0,0,0,0,0,-39.99,-39.99
"May 7, 2026 12:00:00 AM PDT",,FBA Inventory Fee,,,FBA storage fee,,amazon.com,,,,,,,0,0,0,0,0,0,0,0,0,0,0,0,0,0,-1494.05,-1494.05
"May 12, 2026 9:15:30 AM PDT",,Service Fee,,,Subscription,,amazon.com,,,,,,,0,0,0,0,0,0,0,0,0,0,0,0,0,0,-39.99,-39.99
"Jun 7, 2026 12:00:00 AM PDT",,FBA Inventory Fee,,,FBA storage fee,,amazon.com,,,,,,,0,0,0,0,0,0,0,0,0,0,0,0,0,0,-1575.60,-1575.60
"Jun 12, 2026 9:15:30 AM PDT",,Service Fee,,,Subscription,,amazon.com,,,,,,,0,0,0,0,0,0,0,0,0,0,0,0,0,0,-39.99,-39.99
"Jul 7, 2026 12:00:00 AM PDT",,FBA Inventory Fee,,,FBA storage fee,,amazon.com,,,,,,,0,0,0,0,0,0,0,0,0,0,0,0,0,0,-1368.86,-1368.86
"Jul 12, 2026 9:15:30 AM PDT",,Service Fee,,,Subscription,,amazon.com,,,,,,,0,0,0,0,0,0,0,0,0,0,0,0,0,0,-39.99,-39.99
"Aug 7, 2026 12:00:00 AM PDT",,FBA Inventory Fee,,,FBA storage fee,,amazon.com,,,,,,,0,0,0,0,0,0,0,0,0,0,0,0,0,0,-1497.04,-1497.04
"Aug 12, 2026 9:15:30 AM PDT",,Service Fee,,,Subscription,,amazon.com,,,,,,,0,0,0,0,0,0,0,0,0,0,0,0,0,0,-39.99,-39.99
